id,parent_id,nivel,nombre_en,nombre_es,definicion_es,description_en,color_base,color,categories,nom_ca,descripcio_ca
1,,0,Fruity,Frutal,"Mezcla aromática dulce, floral, de una variedad de frutas maduras.","Sweet, floral aromatic blend of a variety of ripe fruits.",#a4485c,#a4485c,"[""aromatics""]",Fruitat,Barreja aromàtica dolça i floral d'una varietat de fruites madures.
2,1,1,Berry,Baya,"Aromático dulce, ácido, floral, a veces pesado, asociado a bayas como moras, frambuesas, arándanos o fresas.","Sweet, sour, floral, sometimes heavy aromatic associated with berries such as blackberries, raspberries, blueberries or strawberries.",#a4485c,#af5e70,"[""aromatics""]",Baia,"Aromàtic dolç, àcid, floral, de vegades pesant, associat a baies com móres, gerds, nabius o maduixes."
3,2,2,Strawberry,Fresa,"Aromático algo dulce, ligeramente ácido, floral, frutal, frecuentemente avinado, asociado a la fresa.","Somewhat sweet, slightly sour, floral, fruity, often winey aromatic associated with strawberry.",#a4485c,#ba7483,"[""aromatics""]",Maduixa,"Aromàtic una mica dolç, lleugerament àcid, floral, fruitat, sovint vinós, associat a la maduixa."
4,2,2,Raspberry,Frambuesa,"Aromático ligeramente dulce, frutal, floral, ligeramente ácido y mohoso, asociado a las frambuesas.","Slightly sweet, fruity, floral, slightly sour and musty aromatic associated with raspberries.",#a4485c,#ba7483,"[""aromatics""]",Gerd,"Aromàtic lleugerament dolç, fruitat, floral, lleugerament àcid i de resclosit, associat als gerds."
5,2,2,Blueberry,Arándano,"Aromático ligeramente oscuro, frutal, dulce, ligeramente ácido, mohoso, polvoriento, floral, asociado al arándano.","Slightly dark, fruity, sweet, slightly sour, musty, dusty, floral aromatic associated with blueberry.",#a4485c,#ba7483,"[""aromatics""]",Nabiu,"Aromàtic lleugerament fosc, fruitat, dolç, lleugerament àcid, de resclosit, polsós i floral, associat al nabiu."
6,2,2,Blackberry,Mora,"Aromático dulce, oscuro, frutal, floral, ligeramente ácido, algo amaderado, asociado a las moras.","Sweet, dark, fruity, floral, slightly sour, somewhat woody aromatic associated with blackberries.",#a4485c,#ba7483,"[""aromatics""]",Móra,"Aromàtic dolç, fosc, fruitat, floral, lleugerament àcid, una mica llenyós, associat a les móres."
7,1,1,Dried Fruit,Fruta Seca,"Impresión aromática de fruta oscura, dulce y ligeramente marrón, asociada a ciruelas pasas y pasas.","Aromatic impression of dark, sweet, slightly brown fruit associated with prunes and raisins.",#a4485c,#af5e70,"[""aromatics""]",Fruita seca,"Impressió aromàtica de fruita fosca, dolça i lleugerament marró, associada a prunes seques i panses."
8,7,2,Raisin,Pasa,"Aromático concentrado, dulce, algo ácido, marrón, frutal, floral, característico de las uvas secas.","Concentrated, sweet, somewhat sour, brown, fruity, floral aromatic characteristic of dried grapes.",#a4485c,#ba7483,"[""aromatics""]",Pansa,"Aromàtic concentrat, dolç, una mica àcid, marró, fruitat i floral, característic del raïm sec."
9,7,2,Prune,Ciruela Pasa,"Impresión aromática de fruta oscura dulce, ligeramente marrón, floral, mohosa y sobremadura, asociada a las ciruelas secas.","Aromatic impression of sweet dark fruit, slightly brown, floral, musty and overripe, associated with prunes.",#a4485c,#ba7483,"[""aromatics""]",Pruna seca,"Impressió aromàtica de fruita fosca dolça, lleugerament marró, floral, de resclosit i passada, associada a les prunes seques."
10,1,1,Other Fruit,Otras Frutas,"Aromático dulce, ligero, frutal, algo floral, ácido o verde, que puede incluir manzanas, uvas, melocotones, peras o cerezas.","Sweet, light, fruity, somewhat floral, sour or green aromatic that may include apples, grapes, peaches, pears or cherries.",#a4485c,#af5e70,"[""aromatics""]",Altres fruites,"Aromàtic dolç, lleuger, fruitat, una mica floral, àcid o verd, que pot incloure pomes, raïm, préssecs, peres o cireres."
11,10,2,Apple,Manzana,"Aromático dulce, ligero, frutal, algo floral, comúnmente asociado a manzanas frescas o procesadas.","Sweet, light, fruity, somewhat floral aromatic commonly associated with fresh or processed apples.",#a4485c,#ba7483,"[""aromatics""]",Poma,"Aromàtic dolç, lleuger, fruitat, una mica floral, associat habitualment a pomes fresques o processades."
12,10,2,Pear,Pera,"Aromático dulce, ligeramente floral, mohoso, amaderado, frutal, asociado a las peras.","Sweet, slightly floral, musty, woody, fruity aromatic associated with pears.",#a4485c,#ba7483,"[""aromatics""]",Pera,"Aromàtic dolç, lleugerament floral, de resclosit, llenyós i fruitat, associat a les peres."
13,10,2,Peach,Melocotón,"Aromático floral, perfumado, frutal, dulce, ligeramente ácido, asociado a los melocotones.","Floral, perfumy, fruity, sweet, slightly sour aromatic associated with peaches.",#a4485c,#ba7483,"[""aromatics""]",Préssec,"Aromàtic floral, perfumat, fruitat, dolç i lleugerament àcid, associat als préssecs."
14,10,2,Grape,Uva,"Aromático dulce, frutal, floral, ligeramente ácido, mohoso, comúnmente asociado a las uvas.","Sweet, fruity, floral, slightly sour, musty aromatic commonly associated with grapes.",#a4485c,#ba7483,"[""aromatics""]",Raïm,"Aromàtic dolç, fruitat, floral, lleugerament àcid i de resclosit, associat habitualment al raïm."
15,10,2,Cherry,Cereza,"Aromático ácido, frutal, ligeramente amargo, floral, asociado a las cerezas.","Sour, fruity, slightly bitter, floral aromatic associated with cherries.",#a4485c,#ba7483,"[""aromatics""]",Cirera,"Aromàtic àcid, fruitat, lleugerament amarg i floral, associat a les cireres."
16,10,2,Pomegranate,Granada,"Aromático ácido, dulce, frutal, que puede ser algo oscuro, mohoso y terroso, reminiscente de frutas oscuras y raíces como remolacha y zanahoria; puede tener sensación astringente.","Sour, sweet, fruity aromatic that may be somewhat dark, musty and earthy, reminiscent of dark fruits and roots such as beet and carrot; may have an astringent feel.",#a4485c,#ba7483,"[""aromatics""]",Magrana,"Aromàtic àcid, dolç i fruitat, que pot ser una mica fosc, de resclosit i terròs, com fruites fosques i arrels com la remolatxa o la pastanaga; pot ser astringent."
17,10,2,Coconut,Coco,"Aromático ligeramente dulce, a nuez, algo amaderado, asociado al coco.","Slightly sweet, nutty, somewhat woody aromatic associated with coconut.",#a4485c,#ba7483,"[""aromatics""]",Coco,"Aromàtic lleugerament dolç, de nou, una mica llenyós, associat al coco."
18,10,2,Pineapple,Piña,"Aromático dulce, ligeramente agudo, frutal, asociado a la piña.","Sweet, slightly sharp, fruity aromatic associated with pineapple.",#a4485c,#ba7483,"[""aromatics""]",Pinya,"Aromàtic dolç, lleugerament agut i fruitat, associat a la pinya."
19,1,1,Citrus Fruit,Fruta Cítrica,"Aromático cítrico, ácido, astringente, ligeramente dulce, a cáscara, algo floral, que puede incluir limones, limas, pomelos o naranjas.","Citric, sour, astringent, slightly sweet, peely, somewhat floral aromatic that may include lemons, limes, grapefruits or oranges.",#a4485c,#af5e70,"[""aromatics""]",Fruita cítrica,"Aromàtic cítric, àcid, astringent, lleugerament dolç, de pela, una mica floral, que pot incloure llimones, llimes, aranges o taronges."
20,19,2,Lemon,Limón,"Aromático cítrico, ácido, astringente, ligeramente dulce, a cáscara, algo floral, asociado al limón.","Citric, sour, astringent, slightly sweet, peely, somewhat floral aromatic associated with lemon.",#a4485c,#ba7483,"[""aromatics""]",Llimona,"Aromàtic cítric, àcid, astringent, lleugerament dolç, de pela i una mica floral, associat a la llimona."
21,19,2,Grapefruit,Pomelo,"Aromático cítrico, ácido, amargo, astringente, a cáscara, agudo, ligeramente dulce, asociado al pomelo.","Citric, sour, bitter, astringent, peely, sharp, slightly sweet aromatic associated with grapefruit.",#a4485c,#ba7483,"[""aromatics""]",Aranja,"Aromàtic cítric, àcid, amarg, astringent, de pela, agut i lleugerament dolç, associat a l'aranja."
22,19,2,Orange,Naranja,"Aromático cítrico, dulce, floral, ligeramente ácido, asociado a las naranjas, que puede incluir notas amargas, a cáscara y astringentes.","Citric, sweet, floral, slightly sour aromatic associated with oranges, which may include bitter, peely and astringent notes.",#a4485c,#ba7483,"[""aromatics""]",Taronja,"Aromàtic cítric, dolç, floral i lleugerament àcid, associat a les taronges, que pot incloure notes amargues, de pela i astringents."
23,19,2,Lime,Lima,"Aromático cítrico, ácido, astringente, amargo, verde, a cáscara, agudo y algo floral, asociado a las limas.","Citric, sour, astringent, bitter, green, peely, sharp and somewhat floral aromatic associated with limes.",#a4485c,#ba7483,"[""aromatics""]",Llima,"Aromàtic cítric, àcid, astringent, amarg, verd, de pela, agut i una mica floral, associat a les llimes."
24,,0,Sour/Acid,Ácidos,"Gusto ácido y aromáticos ácidos asociados a ácidos orgánicos, como en el vinagre, los cítricos o los lácteos fermentados.","Sour taste and acidic aromatics associated with organic acids, as in vinegar, citrus or fermented dairy.",#c2b34a,#c2b34a,"[""main_tastes"",""aromatics""]",Àcids,"Gust àcid i aromàtics àcids associats a àcids orgànics, com en el vinagre, els cítrics o els làctics fermentats."
25,24,1,Sour Aromatics,Ácidos Aromáticos,Aromático asociado a la impresión de un producto ácido.,Aromatic associated with the impression of a sour product.,#c2b34a,#c9bc60,"[""aromatics""]",Aromàtics àcids,Aromàtic associat a la impressió d'un producte àcid.
26,25,2,Acetic Acid,Ácido Acético,"Aromático ácido, astringente, ligeramente punzante, asociado al vinagre.","Sour, astringent, slightly pungent aromatic associated with vinegar.",#c2b34a,#d1c575,"[""aromatics""]",Àcid acètic,"Aromàtic àcid, astringent i lleugerament punyent, associat al vinagre."
27,25,2,Butyric Acid,Ácido Butírico,"Aromático ácido, a lácteo fermentado, asociado a ciertos quesos curados como el parmesano.","Sour, fermented-dairy aromatic associated with certain aged cheeses such as parmesan.",#c2b34a,#d1c575,"[""aromatics""]",Àcid butíric,"Aromàtic àcid, de làctic fermentat, associat a certs formatges curats com el parmesà."
28,25,2,Isovaleric Acid,Ácido Isovalérico,"Aromático punzante, ácido, asociado al olor a pies sudados y a ciertos quesos curados como el romano.","Pungent, sour aromatic associated with the smell of sweaty feet and certain aged cheeses such as romano.",#c2b34a,#d1c575,"[""aromatics""]",Àcid isovalèric,"Aromàtic punyent i àcid, associat a l'olor de peus suats i a certs formatges curats com el romano."
29,25,2,Citric Acid,Ácido Cítrico,"Aromático suave, limpio, ácido, con ligeras notas cítricas acompañado de astringencia.","Mild, clean, sour aromatic with light citrus notes accompanied by astringency.",#c2b34a,#d1c575,"[""aromatics""]",Àcid cítric,"Aromàtic suau, net i àcid, amb lleugeres notes cítriques acompanyades d'astringència."
30,25,2,Malic Acid,Ácido Málico,"Aromático ácido, agudo, algo frutal, acompañado de astringencia.","Sour, sharp, somewhat fruity aromatic accompanied by astringency.",#c2b34a,#d1c575,"[""aromatics""]",Àcid màlic,"Aromàtic àcid, agut, una mica fruitat, acompanyat d'astringència."
31,,0,Alcohol/Fermented,Alcoholes/Fermentados,"Aromáticos punzantes, dulces y ligeramente ácidos asociados a bebidas alcohólicas y a fruta o azúcar fermentados.","Pungent, sweet, slightly sour aromatics associated with alcoholic beverages and fermented fruit or sugar.",#7d4a6f,#7d4a6f,"[""aromatics"",""defects""]",Alcohols/Fermentats,"Aromàtics punyents, dolços i lleugerament àcids associats a begudes alcohòliques i a fruita o sucre fermentats."
32,31,1,Alcohol,Alcohol,"Aromático incoloro, punzante, químico, asociado a destilados o productos de grano.","Colorless, pungent, chemical aromatic associated with distilled or grain products.",#7d4a6f,#8d6080,"[""aromatics""]",Alcohol,"Aromàtic incolor, punyent i químic, associat a destil·lats o productes de gra."
33,32,2,Whiskey,Whisky,Aromático asociado a productos destilados de mosto de grano fermentado.,Aromatic associated with products distilled from fermented grain mash.,#7d4a6f,#9c7592,"[""aromatics""]",Whisky,Aromàtic associat a productes destil·lats de most de gra fermentat.
34,32,2,Winey,Avinado,"Aromático agudo, punzante, algo frutal, similar al alcohol, asociado al vino.","Sharp, pungent, somewhat fruity, alcohol-like aromatic associated with wine.",#7d4a6f,#9c7592,"[""aromatics""]",Vinós,"Aromàtic agut, punyent, una mica fruitat, semblant a l'alcohol, associat al vi."
35,31,1,Fermented,Fermentado,"Aromático punzante, dulce, ligeramente ácido, a veces a levadura, similar al alcohol, característico de frutas o azúcar fermentados o masa sobrefermentada.","Pungent, sweet, slightly sour, sometimes yeasty, alcohol-like aromatic characteristic of fermented fruits or sugar, or overfermented dough.",#7d4a6f,#8d6080,"[""aromatics"",""defects""]",Fermentat,"Aromàtic punyent, dolç, lleugerament àcid, de vegades de llevat, semblant a l'alcohol, característic de fruita o sucre fermentats o de massa sobrefermentada."
36,35,2,Overripe/Near fermented,Sobremaduro/Cerca al fermentado,"Aromático dulce, ligeramente ácido, húmedo, terroso, característico de fruta o verdura pasada de su punto óptimo de madurez.","Sweet, slightly sour, damp, earthy aromatic characteristic of fruit or vegetables past their optimal ripeness.",#7d4a6f,#9c7592,"[""defects""]",Passat/Gairebé fermentat,"Aromàtic dolç, lleugerament àcid, humit i terròs, característic de fruita o verdura que ha passat el seu punt òptim de maduresa."
37,,0,Green/Vegetative,Verdes/Vegetales,"Aromáticos característicos de material vegetal fresco o cocido, como hojas, hierba, vainas o hierbas aromáticas.","Aromatics characteristic of fresh or cooked plant material, such as leaves, grass, pods or herbs.",#5f8a53,#5f8a53,"[""aromatics"",""defects""]",Verds/Vegetals,"Aromàtics característics de material vegetal fresc o cuit, com fulles, herba, beines o herbes aromàtiques."
38,37,1,Olive Oil,Aceite de oliva,"Aromático ligero, aceitoso, que puede tener notas mantecosas, verdes, picantes, amargas y dulces.","Light, oily aromatic that may have buttery, green, peppery, bitter and sweet notes.",#5f8a53,#729868,"[""aromatics""]",Oli d'oliva,"Aromàtic lleuger i oliós, que pot tenir notes mantegoses, verdes, picants, amargues i dolces."
39,37,1,Raw,Vegetal Crudo,Aromático asociado a productos sin cocinar.,Aromatic associated with uncooked products.,#5f8a53,#729868,"[""aromatics""]",Vegetal cru,Aromàtic associat a productes sense cuinar.
40,37,1,Green,Verde,"Aromático característico de material vegetal fresco. Puede incluir notas a hoja, enredadera, inmaduro, hierba y vaina.","Aromatic characteristic of fresh plant material. May include leafy, viney, unripe, grassy and peapod notes.",#5f8a53,#729868,"[""aromatics"",""defects""]",Verd,"Aromàtic característic de material vegetal fresc. Pot incloure notes de fulla, enfiladissa, fruit immadur, herba i beina."
41,40,2,Under-ripe,Biche (Fruto inmaduro),Aromático presente en fruta verde/inmadura.,Aromatic present in green/immature fruit.,#5f8a53,#85a67c,"[""defects""]",Immadur,Aromàtic present en la fruita verda o immadura.
42,40,2,Peapod,Arveja,"Aromático verde dulce, a legumbre, fresco, crudo y terroso.","Sweet green, legume-like, fresh, raw and earthy aromatic.",#5f8a53,#85a67c,"[""aromatics""]",Pèsol,"Aromàtic verd dolç, de llegum, fresc, cru i terròs."
43,40,2,Fresh,Fresco,"Aromático verde asociado a hierba recién cortada y plantas de hoja, de carácter dulce y punzante.","Green aromatic associated with freshly cut grass and leafy plants, sweet and pungent in character.",#5f8a53,#85a67c,"[""aromatics""]",Fresc,"Aromàtic verd associat a l'herba acabada de tallar i a les plantes de fulla, de caràcter dolç i punyent."
44,40,2,Dark Green,"Verde oscuro (Espinaca, acelgas)","Aromático asociado a verduras verdes cocidas como espinaca, kale o judías verdes, que puede incluir elementos amargos, dulces, polvorientos, mohosos o terrosos, con impresión oscura y pesada.","Aromatic associated with cooked green vegetables such as spinach, kale or green beans, which may include bitter, sweet, dusty, musty or earthy elements, with a dark, heavy impression.",#5f8a53,#85a67c,"[""aromatics""]","Verd fosc (espinacs, bledes)","Aromàtic associat a verdures verdes cuites com espinacs, kale o mongetes tendres, que pot incloure notes amargues, dolces, polsoses, de resclosit o terroses, amb impressió fosca i pesant."
45,40,2,Vegetative,Vegetal,"Aromático agudo, ligeramente punzante, asociado a materia vegetal verde como perejil, espinaca o vaina.","Sharp, slightly pungent aromatic associated with green plant matter such as parsley, spinach or peapod.",#5f8a53,#85a67c,"[""aromatics""]",Vegetal,"Aromàtic agut, lleugerament punyent, associat a matèria vegetal verda com julivert, espinacs o beines."
46,40,2,Hay-like,"Heno, paja","Aromático ligeramente dulce, seco, polvoriento, con ligero carácter verde, asociado a hierbas secas.","Slightly sweet, dry, dusty aromatic with a light green character, associated with dried grasses.",#5f8a53,#85a67c,"[""aromatics""]","Fenc, palla","Aromàtic lleugerament dolç, sec i polsós, amb un lleuger caràcter verd, associat a herbes seques."
47,40,2,Herb-like,Hierbas,"Aromático asociado a hierbas verdes, que puede caracterizarse como dulce, ligeramente punzante y ligeramente amargo.","Aromatic associated with green herbs, which may be characterized as sweet, slightly pungent and slightly bitter.",#5f8a53,#85a67c,"[""aromatics""]",Herbes,"Aromàtic associat a herbes verdes, que es pot descriure com a dolç, lleugerament punyent i lleugerament amarg."
48,40,2,Beany,Granos (Frijoles),"Aromático característico de legumbres y derivados, con elementos terrosos, polvorientos, ácidos, amargos, almidonados y verdes/a vaina, a nuez o marrones.","Aromatic characteristic of legumes and their derivatives, with earthy, dusty, sour, bitter, starchy and green/peapod, nutty or brown elements.",#5f8a53,#85a67c,"[""aromatics""]",Llegums (mongetes),"Aromàtic característic dels llegums i derivats, amb notes terroses, polsoses, àcides, amargues, midonoses, verdes o de beina, de nou o marrons."
49,,0,Earthy,Terrosos,"Aromáticos mohosos y pesados asociados a tierra húmeda, vegetación en descomposición, madera o animales.","Musty, heavy aromatics associated with damp soil, decaying vegetation, wood or animals.",#7a5c43,#7a5c43,"[""aromatics"",""defects""]",Terrosos,"Aromàtics de resclosit i pesants associats a terra humida, vegetació en descomposició, fusta o animals."
50,49,1,Musty/Earthy,Humedad/Almizcle de Tierra,"Aromático algo dulce, pesado, asociado a vegetación en descomposición y tierra negra húmeda.","Somewhat sweet, heavy aromatic associated with decaying vegetation and damp black soil.",#7a5c43,#8a705a,"[""aromatics"",""defects""]",Humitat/Terra,"Aromàtic una mica dolç i pesant, associat a vegetació en descomposició i a terra negra humida."
51,50,2,Musty/Dusty,Humedad/Almizcle del polvo,"Aromático asociado a espacios secos y cerrados como áticos y armarios. Puede tener elementos secos, mohosos, a papel, tierra seca o grano.","Aromatic associated with dry, closed spaces such as attics and closets. May have dry, musty, papery, dry-earth or grain elements.",#7a5c43,#9a8370,"[""aromatics""]",Humitat/Pols,"Aromàtic associat a espais secs i tancats com golfes i armaris. Pot tenir notes seques, de resclosit, de paper, de terra seca o de gra."
52,50,2,Moldy/Damp,Mohoso,"Aromático asociado a espacios húmedos y cerrados o sótanos. Puede ser mohoso, agudo y ligeramente verde.","Aromatic associated with damp, closed spaces or basements. May be moldy, sharp and slightly green.",#7a5c43,#9a8370,"[""defects""]",Florit,"Aromàtic associat a espais humits i tancats o soterranis. Pot ser de resclosit, agut i lleugerament verd."
53,49,1,Woody,Amaderado,"Aromático dulce, marrón, mohoso, oscuro, asociado a la corteza de un árbol.","Sweet, brown, musty, dark aromatic associated with tree bark.",#7a5c43,#8a705a,"[""aromatics""]",Llenyós,"Aromàtic dolç, marró, de resclosit i fosc, associat a l'escorça d'un arbre."
54,49,1,Phenolic,Fenólico,"Aromático descrito como húmedo, mohoso y a piel de animal. Reminiscente de una sala de arreos.","Aromatic described as damp, musty and animal-hide-like. Reminiscent of a tack room.",#7a5c43,#8a705a,"[""defects""]",Fenòlic,"Aromàtic descrit com a humit, de resclosit i de pell d'animal. Recorda una selleria."
55,49,1,Animalic,Animal,Combinación de aromáticos asociados a animales de granja y su hábitat.,Combination of aromatics associated with farm animals and their habitat.,#7a5c43,#8a705a,"[""aromatics""]",Animal,Combinació d'aromàtics associats als animals de granja i al seu hàbitat.
56,49,1,Meaty/Brothy,Cárnicos/Sopas,"Aromático asociado a carne hervida, sopa o caldo, con notas cárnicas débiles.","Aromatic associated with boiled meat, soup or broth, with weak meaty notes.",#7a5c43,#8a705a,"[""aromatics""]",Carn/Brou,"Aromàtic associat a carn bullida, sopa o brou, amb notes carnoses febles."
57,,0,Roasted,Asado/Quemado,Impresión marrón oscura característica de productos cocinados a alta temperatura por calor seco. No incluye notas amargas ni quemadas.,Dark brown impression characteristic of products cooked at high temperature by dry heat. Does not include bitter or burnt notes.,#4a2510,#4a2510,"[""aromatics"",""defects""]",Rostit/Cremat,Impressió marró fosca característica de productes cuinats a alta temperatura amb calor sec. No inclou notes amargues ni cremades.
58,57,1,Tobacco,Tabaco,"Aromático marrón, ligeramente dulce, ligeramente punzante, asociado al tabaco curado.","Brown, slightly sweet, slightly pungent aromatic associated with cured tobacco.",#4a2510,#603f2d,"[""aromatics""]",Tabac,"Aromàtic marró, lleugerament dolç i lleugerament punyent, associat al tabac curat."
59,58,2,Pipe Tobacco,Pipa de Tabaco,"Aromático marrón, dulce, ligeramente punzante, frutal, floral, especiado, asociado al tabaco curado.","Brown, sweet, slightly pungent, fruity, floral, spicy aromatic associated with cured tobacco.",#4a2510,#755949,"[""aromatics""]",Tabac de pipa,"Aromàtic marró, dolç, lleugerament punyent, fruitat, floral i especiat, associat al tabac curat."
60,57,1,Burnt,Quemado,"Impresión marrón oscura de un producto sobrecocido o sobrerrostizado, que puede ser agudo, amargo y ácido.","Dark brown impression of an overcooked or over-roasted product, which may be sharp, bitter and sour.",#4a2510,#603f2d,"[""defects""]",Cremat,"Impressió marró fosca d'un producte massa cuit o massa torrat, que pot ser agut, amarg i àcid."
61,60,2,Acrid,Acre,"Aromático agudo, punzante, amargo, ácido, asociado a productos excesivamente asados o dorados.","Sharp, pungent, bitter, sour aromatic associated with excessively roasted or browned products.",#4a2510,#755949,"[""defects""]",Acre,"Aromàtic agut, punyent, amarg i àcid, associat a productes excessivament rostits o daurats."
62,60,2,Ashy,Ceniza,"Aromático seco, polvoriento, sucio, ahumado, asociado al residuo de productos quemados.","Dry, dusty, dirty, smoky aromatic associated with the residue of burnt products.",#4a2510,#755949,"[""defects""]",Cendra,"Aromàtic sec, polsós, brut i fumat, associat al residu de productes cremats."
63,60,2,Smoky,Ahumado,"Aromático agudo, punzante, producto de la combustión de madera, hojas o un producto no natural.","Sharp, pungent aromatic produced by the combustion of wood, leaves or a non-natural product.",#4a2510,#755949,"[""defects""]",Fumat,"Aromàtic agut i punyent, producte de la combustió de fusta, fulles o un producte no natural."
64,57,1,Roasted,Asado,Impresión marrón oscura característica de productos cocinados a alta temperatura por calor seco. No incluye notas amargas ni quemadas.,Dark brown impression characteristic of products cooked at high temperature by dry heat. Does not include bitter or burnt notes.,#4a2510,#603f2d,"[""aromatics""]",Rostit,Impressió marró fosca característica de productes cuinats a alta temperatura amb calor sec. No inclou notes amargues ni cremades.
65,64,2,"Brown, Roast",Muy Asado,"Impresión aromática rica, plena, redonda, siempre con cierto grado de oscuridad, asociada a atributos como tostado, a nuez, asado y dulce.","Rich, full, round aromatic impression, always with some degree of darkness, associated with attributes such as toasted, nutty, roasted and sweet.",#4a2510,#755949,"[""aromatics""]",Molt rostit,"Impressió aromàtica rica, plena i rodona, sempre amb un cert grau de foscor, associada a atributs com torrat, de nou, rostit i dolç."
66,,0,Spices,Especias,"Aromáticos punzantes, dulces o marrones asociados a especias como la pimienta, la canela, el clavo, la nuez moscada o el anís.","Pungent, sweet or brown aromatics associated with spices such as pepper, cinnamon, clove, nutmeg or anise.",#b0623a,#b0623a,"[""aromatics""]",Espècies,"Aromàtics punyents, dolços o marrons associats a espècies com el pebre, la canyella, el clau, la nou moscada o l'anís."
67,66,1,Pungent,Punzante,"Sensación aguda, físicamente penetrante, en la cavidad nasal.","Sharp, physically penetrating sensation in the nasal cavity.",#b0623a,#b97552,"[""aromatics""]",Punyent,Sensació aguda i físicament penetrant a la cavitat nasal.
68,66,1,Pepper,Pimienta,"Aromático especiado, punzante, mohoso y amaderado, característico de la pimienta negra molida.","Spicy, pungent, musty and woody aromatic characteristic of ground black pepper.",#b0623a,#b97552,"[""aromatics""]",Pebre,"Aromàtic especiat, punyent, de resclosit i llenyós, característic del pebre negre mòlt."
69,66,1,Brown Spice,Especia marrón,"Aromático dulce, marrón, asociado a especias como canela, clavo, nuez moscada y pimienta de Jamaica.","Sweet, brown aromatic associated with spices such as cinnamon, clove, nutmeg and allspice.",#b0623a,#b97552,"[""aromatics""]",Espècia marró,"Aromàtic dolç i marró, associat a espècies com la canyella, el clau, la nou moscada i el pebre de Jamaica."
70,69,2,Anise,Anís,"Aromático punzante, dulce, marrón, caramelizado, que puede contener notas a petróleo, medicinales y florales.","Pungent, sweet, brown, caramelized aromatic that may contain petroleum-like, medicinal and floral notes.",#b0623a,#c38869,"[""aromatics""]",Anís,"Aromàtic punyent, dolç, marró i caramel·litzat, que pot contenir notes de petroli, medicinals i florals."
71,69,2,Nutmeg,Nuez moscada,"Aromático húmedo, marrón, amaderado, punzante, a petróleo, pesado, con ligera impresión a limón.","Damp, brown, woody, pungent, petroleum-like, heavy aromatic with a slight lemon impression.",#b0623a,#c38869,"[""aromatics""]",Nou moscada,"Aromàtic humit, marró, llenyós, punyent, de petroli i pesant, amb una lleugera impressió de llimona."
72,69,2,Cinnamon,Canela,"Aromático dulce, marrón, ligeramente amaderado, ligeramente punzante, especiado.","Sweet, brown, slightly woody, slightly pungent, spicy aromatic.",#b0623a,#c38869,"[""aromatics""]",Canyella,"Aromàtic dolç, marró, lleugerament llenyós, lleugerament punyent i especiat."
73,69,2,Clove,Clavo,"Aromático dulce, marrón, especiado, punzante, floral, cítrico, medicinal y ligeramente mentolado.","Sweet, brown, spicy, pungent, floral, citric, medicinal and slightly mentholated aromatic.",#b0623a,#c38869,"[""aromatics""]",Clau,"Aromàtic dolç, marró, especiat, punyent, floral, cítric, medicinal i lleugerament mentolat."
74,,0,Nutty,Nueces,"Aromático ligeramente dulce, marrón, amaderado, aceitoso, mohoso, astringente y amargo, comúnmente asociado a frutos secos, semillas, legumbres y granos.","Slightly sweet, brown, woody, oily, musty, astringent and bitter aromatic commonly associated with nuts, seeds, legumes and grains.",#a5804f,#a5804f,"[""aromatics""]",Fruits secs,"Aromàtic lleugerament dolç, marró, llenyós, oliós, de resclosit, astringent i amarg, associat habitualment a fruits secs, llavors, llegums i grans."
75,74,1,Nutty,Nuez,"Aromático ligeramente dulce, marrón, amaderado, aceitoso, mohoso, astringente y amargo, comúnmente asociado a frutos secos, semillas, legumbres y granos.","Slightly sweet, brown, woody, oily, musty, astringent and bitter aromatic commonly associated with nuts, seeds, legumes and grains.",#a5804f,#b08f64,"[""aromatics""]",Nou,"Aromàtic lleugerament dolç, marró, llenyós, oliós, de resclosit, astringent i amarg, associat habitualment a fruits secs, llavors, llegums i grans."
76,75,2,Almond,Almendra,"Aromático dulce, marrón claro, amaderado y mantecoso, con notas florales y frutales que pueden incluir rosa, cereza y albaricoque. También astringente y ligeramente ahumado.","Sweet, light brown, woody and buttery aromatic with floral and fruity notes that may include rose, cherry and apricot. Also astringent and slightly smoky.",#a5804f,#bb9e79,"[""aromatics""]",Ametlla,"Aromàtic dolç, marró clar, llenyós i mantegós, amb notes florals i fruitades que poden incloure rosa, cirera i albercoc. També astringent i lleugerament fumat."
77,75,2,Hazelnut,Avellana,"Aromático amaderado, marrón, dulce, terroso, ligeramente a cedro. Puede incluir notas florales, a legumbre, aceitosas, astringentes y amargas.","Woody, brown, sweet, earthy, slightly cedar-like aromatic. May include floral, legume-like, oily, astringent and bitter notes.",#a5804f,#bb9e79,"[""aromatics""]",Avellana,"Aromàtic llenyós, marró, dolç, terròs, lleugerament de cedre. Pot incloure notes florals, de llegum, olioses, astringents i amargues."
78,75,2,Peanuts,Maní,"Aromático dulce, marrón claro, aceitoso, algo polvoriento, a legumbre, que puede ser ligeramente astringente.","Sweet, light brown, oily, somewhat dusty, legume-like aromatic that may be slightly astringent.",#a5804f,#bb9e79,"[""aromatics""]",Cacauet,"Aromàtic dolç, marró clar, oliós, una mica polsós, de llegum, que pot ser lleugerament astringent."
79,,0,Cocoa,Cocoa,"Aromático marrón, dulce, polvoriento, mohoso, a menudo amargo, asociado al grano de cacao, cacao en polvo y barras de chocolate.","Brown, sweet, dusty, musty, often bitter aromatic associated with cocoa beans, cocoa powder and chocolate bars.",#6b4226,#6b4226,"[""aromatics""]",Cacau,"Aromàtic marró, dolç, polsós, de resclosit, sovint amarg, associat al gra de cacau, al cacau en pols i a les rajoles de xocolata."
80,79,1,Cocoa,Cocoa,"Aromático marrón, dulce, polvoriento, mohoso, a menudo amargo, asociado al grano de cacao, cacao en polvo y barras de chocolate.","Brown, sweet, dusty, musty, often bitter aromatic associated with cocoa beans, cocoa powder and chocolate bars.",#6b4226,#7d5940,"[""aromatics""]",Cacau,"Aromàtic marró, dolç, polsós, de resclosit, sovint amarg, associat al gra de cacau, al cacau en pols i a les rajoles de xocolata."
81,80,2,Chocolate,Chocolate,"Mezcla de cacao, incluyendo manteca de cacao y aromáticos de tueste oscuro en intensidades variables.","Blend of cocoa, including cocoa butter and dark-roast aromatics at varying intensities.",#6b4226,#8f6f5a,"[""aromatics""]",Xocolata,"Barreja de cacau, incloent-hi mantega de cacau i aromàtics de torrat fosc en intensitats variables."
82,80,2,Dark Chocolate,Chocolate negro,"Mezcla de alta intensidad de cacao y manteca de cacao que puede incluir notas a tueste oscuro, especiadas, quemadas y mohosas, con mayor astringencia y amargor.","High-intensity blend of cocoa and cocoa butter that may include dark-roast, spicy, burnt and musty notes, with greater astringency and bitterness.",#6b4226,#8f6f5a,"[""aromatics""]",Xocolata negra,"Barreja d'alta intensitat de cacau i mantega de cacau que pot incloure notes de torrat fosc, especiades, cremades i de resclosit, amb més astringència i amargor."
83,,0,Sweet,Dulces,Ver Sabores Básicos.,See Basic Tastes.,#c99a4b,#c99a4b,"[""main_tastes"",""aromatics""]",Dolços,Vegeu Gustos bàsics.
84,83,1,Sweet,Dulce,Ver Sabores Básicos.,See Basic Tastes.,#c99a4b,#cfa661,"[""aromatics""]",Dolç,Vegeu Gustos bàsics.
85,84,2,Molasses,Melaza,"Notas oscuras, caramelizadas, que pueden incluir notas ligeramente agudas, acres y sulfurosas, características de la melaza.","Dark, caramelized notes that may include slightly sharp, acrid and sulfurous notes, characteristic of molasses.",#c99a4b,#d6b276,"[""aromatics""]",Melassa,"Notes fosques i caramel·litzades, que poden incloure notes lleugerament agudes, acres i sulfuroses, característiques de la melassa."
86,84,2,Maple Syrup,Miel de maple,"Aromático amaderado, dulce, caramelizado, marrón, ligeramente verde, asociado al jarabe de arce.","Woody, sweet, caramelized, brown, slightly green aromatic associated with maple syrup.",#c99a4b,#d6b276,"[""aromatics""]",Xarop d'auró,"Aromàtic llenyós, dolç, caramel·litzat, marró i lleugerament verd, associat al xarop d'auró."
87,84,2,Brown Sugar,Azúcar morena,"Impresión aromática rica, plena, redonda, dulce, caracterizada por cierto grado de oscuridad.","Rich, full, round, sweet aromatic impression characterized by some degree of darkness.",#c99a4b,#d6b276,"[""aromatics""]",Sucre moreno,"Impressió aromàtica rica, plena, rodona i dolça, caracteritzada per un cert grau de foscor."
88,84,2,Caramelized,Caramelo,"Aromático redondo, con cuerpo, marrón medio, dulce, asociado a azúcares cocidos y otros carbohidratos. No incluye notas quemadas ni chamuscadas.","Round, full-bodied, medium brown, sweet aromatic associated with cooked sugars and other carbohydrates. Does not include burnt or scorched notes.",#c99a4b,#d6b276,"[""aromatics""]",Caramel,"Aromàtic rodó, amb cos, marró mitjà i dolç, associat a sucres cuits i altres carbohidrats. No inclou notes cremades ni socarrimades."
89,84,2,Honey,Miel,"Aromático dulce, marrón claro, ligeramente especiado, asociado a la miel.","Sweet, light brown, slightly spicy aromatic associated with honey.",#c99a4b,#d6b276,"[""aromatics""]",Mel,"Aromàtic dolç, marró clar i lleugerament especiat, associat a la mel."
90,83,1,Vanilla,Vainilla,"Aromático amaderado, ligeramente químico, asociado a la vaina de vainilla, que puede incluir notas marrones, a legumbre, florales y especiadas.","Woody, slightly chemical aromatic associated with vanilla bean, which may include brown, legume-like, floral and spicy notes.",#c99a4b,#cfa661,"[""aromatics""]",Vainilla,"Aromàtic llenyós, lleugerament químic, associat a la beina de vainilla, que pot incloure notes marrons, de llegum, florals i especiades."
91,90,2,Vanillin,Vainillina,"Aromático extremadamente dulce, no natural, asociado a la vainilla, algodón de azúcar y malvaviscos.","Extremely sweet, unnatural aromatic associated with vanilla, cotton candy and marshmallows.",#c99a4b,#d6b276,"[""aromatics""]",Vainillina,"Aromàtic extremadament dolç i no natural, associat a la vainilla, el cotó de sucre i els núvols de sucre."
92,83,1,Sweet Aromatics,Aromáticos Dulces,Aromático asociado a la impresión de una sustancia dulce.,Aromatic associated with the impression of a sweet substance.,#c99a4b,#cfa661,"[""aromatics""]",Aromàtics dolços,Aromàtic associat a la impressió d'una substància dolça.
93,92,2,Overall Sweet,Generalmente dulce,Percepción de una combinación de gusto dulce y aromáticos.,Perception of a combination of sweet taste and aromatics.,#c99a4b,#d6b276,"[""aromatics""]",Dolç en general,Percepció d'una combinació de gust dolç i aromàtics.
94,,0,Floral,Florales,"Aromático dulce, ligero, ligeramente fragante, asociado a flores frescas.","Sweet, light, slightly fragrant aromatic associated with fresh flowers.",#c489a0,#c489a0,"[""aromatics""]",Florals,"Aromàtic dolç, lleuger i lleugerament fragant, associat a flors fresques."
95,94,1,Floral,Flores,"Aromático dulce, ligero, ligeramente fragante, asociado a flores frescas.","Sweet, light, slightly fragrant aromatic associated with fresh flowers.",#c489a0,#cb97ab,"[""aromatics""]",Flors,"Aromàtic dolç, lleuger i lleugerament fragant, associat a flors fresques."
96,95,2,Rose,Rosas,"Fragancia floral dulce, suave, ligeramente mohosa/polvorienta, asociada a rosas frescas o secas.","Sweet, soft, slightly musty/dusty floral fragrance associated with fresh or dried roses.",#c489a0,#d2a5b7,"[""aromatics""]",Rosa,"Fragància floral dolça, suau, lleugerament de resclosit o polsosa, associada a roses fresques o seques."
97,95,2,Jasmine,Jazmín,"Aromático intenso, ligeramente punzante, dulce, floral, con notas verdes, mohosas/polvorientas subyacentes.","Intense, slightly pungent, sweet, floral aromatic with underlying green, musty/dusty notes.",#c489a0,#d2a5b7,"[""aromatics""]",Gessamí,"Aromàtic intens, lleugerament punyent, dolç i floral, amb notes verdes i de resclosit o polsoses de fons."
98,95,2,Chamomile,Manzanilla,"Verde dulce, ligeramente floral/frutal, algo amaderado, asociado a la manzanilla.","Sweet green, slightly floral/fruity, somewhat woody aromatic associated with chamomile.",#c489a0,#d2a5b7,"[""aromatics""]",Camamilla,"Verd dolç, lleugerament floral o fruitat, una mica llenyós, associat a la camamilla."
99,95,2,Black Tea,Té Negro,"Aromático algo marrón, mohoso, a planta seca y corteza seca, asociado a la oxidación de las hojas de té.","Somewhat brown, musty, dried-plant and dried-bark aromatic associated with the oxidation of tea leaves.",#c489a0,#d2a5b7,"[""aromatics""]",Te negre,"Aromàtic una mica marró, de resclosit, de planta seca i escorça seca, associat a l'oxidació de les fulles de te."
100,,0,Stale/Papery,Rancios/Papel,"Aromáticos caracterizados por la falta de frescura, asociados al papel, el cartón o los productos envejecidos.","Aromatics characterized by a lack of freshness, associated with paper, cardboard or aged products.",#8a8577,#8a8577,"[""aromatics"",""defects""]",Rancis/Paper,"Aromàtics caracteritzats per la manca de frescor, associats al paper, el cartró o els productes envellits."
101,100,1,Stale,Rancio,Aromático caracterizado por la falta de frescura.,Aromatic characterized by a lack of freshness.,#8a8577,#989487,"[""defects""]",Ranci,Aromàtic caracteritzat per la manca de frescor.
102,101,2,Papery,Papel,Aromático asociado a vasos de papel blanco.,Aromatic associated with white paper cups.,#8a8577,#a6a298,"[""defects""]",Paper,Aromàtic associat als gots de paper blanc.
103,101,2,Cardboard,Cartulina,Aromático asociado al cartón o embalaje de papel.,Aromatic associated with cardboard or paper packaging.,#8a8577,#a6a298,"[""defects""]",Cartró,Aromàtic associat al cartró o als embalatges de paper.
104,,0,Chemical,Químicos,"Aromáticos no alimentarios asociados a productos medicinales, caucho, petróleo o mofeta.","Non-food aromatics associated with medicinal products, rubber, petroleum or skunk.",#5c7080,#5c7080,"[""defects""]",Químics,"Aromàtics no alimentaris associats a productes medicinals, cautxú, petroli o mofeta."
105,104,1,Medicinal,Medicina,"Aromático limpio, estéril, característico de productos antisépticos como tiritas, alcohol y yodo.","Clean, sterile aromatic characteristic of antiseptic products such as band-aids, alcohol and iodine.",#5c7080,#70818f,"[""defects""]",Medicinal,"Aromàtic net i estèril, característic de productes antisèptics com tiretes, alcohol i iode."
106,104,1,Rubber,Caucho,"Aromático oscuro, pesado, ligeramente agudo y punzante, asociado al caucho.","Dark, heavy, slightly sharp and pungent aromatic associated with rubber.",#5c7080,#83929e,"[""defects""]",Cautxú,"Aromàtic fosc, pesant, lleugerament agut i punyent, associat al cautxú."
107,104,1,Petroleum,Petróleo,"Aromático químico específico asociado al crudo y sus refinados, con características de aceite pesado.","Specific chemical aromatic associated with crude oil and its refined products, with heavy-oil characteristics.",#5c7080,#83929e,"[""defects""]",Petroli,"Aromàtic químic específic associat al cru i als seus refinats, amb característiques d'oli pesant."
108,104,1,Skunky,Mofeta,Combinación de aromáticos asociados a las mofetas.,Combination of aromatics associated with skunks.,#5c7080,#83929e,"[""defects""]",Mofeta,Combinació d'aromàtics associats a les mofetes.
109,,0,Bitter,Amargo,Ver Sabores Básicos.,See Basic Tastes.,#6e7a3c,#7e8a4c,"[""main_tastes"",""defects""]",Amarg,Vegeu Gustos bàsics.
110,,0,Salty,Salado,Ver Sabores Básicos.,See Basic Tastes.,#8fa3a8,#a1b2b6,"[""main_tastes""]",Salat,Vegeu Gustos bàsics.
111,,0,Cereal,Cereales,"Aromáticos marrón claro, polvorientos y ligeramente dulces asociados a los granos y la malta.","Light brown, dusty, slightly sweet aromatics associated with grains and malt.",#b8a06a,#b8a06a,"[""aromatics""]",Cereals,"Aromàtics marró clar, polsosos i lleugerament dolços associats als grans i la malta."
112,111,1,Grain,Granos,"Aromático marrón claro, polvoriento, mohoso, dulce, asociado a los granos.","Light brown, dusty, musty, sweet aromatic associated with grains.",#b8a06a,#c1ab7c,"[""aromatics""]",Grans,"Aromàtic marró clar, polsós, de resclosit i dolç, associat als grans."
113,112,2,Malt,Malta,"Aromático marrón claro, polvoriento, mohoso, dulce, ácido y/o ligeramente fermentado, asociado a los granos.","Light brown, dusty, musty, sweet, sour and/or slightly fermented aromatic associated with grains.",#b8a06a,#c9b78e,"[""aromatics""]",Malta,"Aromàtic marró clar, polsós, de resclosit, dolç, àcid o lleugerament fermentat, associat als grans."
114,,0,Umami,Umami,"Gusto básico sabroso y carnoso, asociado al glutamato; sensación de caldo, salsa de soja o tomate maduro que aporta cuerpo y persistencia.","Savory, brothy basic taste associated with glutamate; reminiscent of broth, soy sauce or ripe tomato, adding body and lingering depth.",#9e6b58,#ae7d6b,"[""main_tastes""]",Umami,"Gust bàsic sabrós i carnós, associat al glutamat; sensació de brou, salsa de soja o tomàquet madur que aporta cos i persistència."
115,,0,Mouthfeel,Sensación en boca,Categoría raíz para los descriptores táctiles de sensación en boca.,Root category for tactile mouthfeel descriptors.,#6b6f76,#6b6f76,"[""mouthfeel""]",Sensació en boca,Categoria arrel per als descriptors tàctils de sensació en boca.
116,115,1,Rough,Rugoso,"Sensación áspera o abrasiva en boca, con textura seca o granulosa.","Coarse or abrasive tactile sensation in the mouth, with a dry or gritty texture.",#6b6f76,#7d818a,"[""mouthfeel""]",Aspre,"Sensació aspra o abrasiva a la boca, amb textura seca o granulosa."
117,115,1,Oily,Aceitoso,"Sensación grasa, untuosa y persistente que recubre el paladar.","Fatty, unctuous, lingering sensation that coats the palate.",#6b6f76,#7d818a,"[""mouthfeel""]",Oliós,"Sensació greixosa, untuosa i persistent que recobreix el paladar."
118,115,1,Smooth,Sedoso,"Sensación suave, redonda y aterciopelada, sin aristas ni aspereza.","Soft, round, velvety sensation, free of edges or roughness.",#6b6f76,#7d818a,"[""mouthfeel""]",Sedós,"Sensació suau, rodona i vellutada, sense arestes ni aspror."
119,115,1,Mouth-drying,Astringente,"Sensación de sequedad y contracción en boca, típica de la astringencia.","Drying, puckering sensation in the mouth, characteristic of astringency.",#6b6f76,#7d818a,"[""mouthfeel""]",Astringent,"Sensació de sequedat i contracció a la boca, típica de l'astringència."
120,115,1,Metallic,Metálico,"Sensación metálica, a veces con impresión de sabor a hierro o cobre.","Metallic sensation, sometimes with an iron- or copper-like taste impression.",#6b6f76,#7d818a,"[""mouthfeel""]",Metàl·lic,"Sensació metàl·lica, de vegades amb impressió de gust de ferro o coure."